iteration	evaluations	runtime[s]	Porci√≥n_Colocados-MAX[MAX]
1	25	0.017	0.008999999612569809
2	50	0.027	0.008999999612569809
3	75	0.038	0.009999999776482582
4	100	0.046	0.009999999776482582
5	125	0.068	0.009999999776482582
6	150	0.083	0.009999999776482582
7	175	0.1	0.009999999776482582
8	200	0.117	0.009999999776482582
9	225	0.131	0.009999999776482582
10	250	0.148	0.009999999776482582
11	275	0.164	0.009999999776482582
12	300	0.175	0.009999999776482582
13	325	0.187	0.009999999776482582
14	350	0.204	0.009999999776482582
15	375	0.217	0.009999999776482582
16	400	0.233	0.009999999776482582
17	425	0.249	0.009999999776482582
18	450	0.257	0.009999999776482582
19	475	0.264	0.009999999776482582
20	500	0.27	0.009999999776482582
21	525	0.277	0.009999999776482582
22	550	0.29	0.009999999776482582
23	575	0.306	0.009999999776482582
24	600	0.312	0.009999999776482582
25	625	0.317	0.009999999776482582
26	650	0.324	0.009999999776482582
27	675	0.33	0.009999999776482582
28	700	0.343	0.009999999776482582
29	725	0.352	0.009999999776482582
30	750	0.361	0.010999999940395355
31	775	0.371	0.010999999940395355
32	800	0.383	0.010999999940395355
33	825	0.39	0.010999999940395355
34	850	0.396	0.010999999940395355
35	875	0.401	0.010999999940395355
36	900	0.407	0.010999999940395355
37	925	0.412	0.010999999940395355
38	950	0.429	0.010999999940395355
39	975	0.435	0.010999999940395355
40	1000	0.442	0.010999999940395355
41	1025	0.448	0.010999999940395355
42	1050	0.454	0.010999999940395355
43	1075	0.459	0.010999999940395355
44	1100	0.472	0.010999999940395355
45	1125	0.479	0.010999999940395355
46	1150	0.488	0.010999999940395355
47	1175	0.504	0.010999999940395355
48	1200	0.512	0.010999999940395355
49	1225	0.518	0.010999999940395355
50	1250	0.526	0.010999999940395355
51	1275	0.533	0.010999999940395355
52	1300	0.539	0.010999999940395355
53	1325	0.545	0.010999999940395355
54	1350	0.551	0.010999999940395355
55	1375	0.557	0.010999999940395355
56	1400	0.562	0.010999999940395355
57	1425	0.568	0.010999999940395355
58	1450	0.574	0.010999999940395355
59	1475	0.579	0.010999999940395355
60	1500	0.585	0.010999999940395355
61	1525	0.59	0.010999999940395355
62	1550	0.596	0.010999999940395355
63	1575	0.602	0.010999999940395355
64	1600	0.608	0.010999999940395355
65	1625	0.613	0.010999999940395355
66	1650	0.618	0.010999999940395355
67	1675	0.623	0.010999999940395355
68	1700	0.633	0.010999999940395355
69	1725	0.647	0.010999999940395355
70	1750	0.651	0.010999999940395355
71	1775	0.656	0.010999999940395355
72	1800	0.661	0.010999999940395355
73	1825	0.665	0.010999999940395355
74	1850	0.67	0.010999999940395355
75	1875	0.674	0.010999999940395355
76	1900	0.679	0.010999999940395355
77	1925	0.684	0.010999999940395355
78	1950	0.688	0.010999999940395355
79	1975	0.692	0.010999999940395355
80	2000	0.696	0.010999999940395355
81	2025	0.7	0.012000000104308128
82	2050	0.703	0.012000000104308128
83	2075	0.707	0.012000000104308128
84	2100	0.711	0.012000000104308128
85	2125	0.714	0.012000000104308128
86	2150	0.718	0.012000000104308128
87	2175	0.722	0.012000000104308128
88	2200	0.726	0.012000000104308128
89	2225	0.73	0.012000000104308128
90	2250	0.734	0.012000000104308128
91	2275	0.737	0.012000000104308128
92	2300	0.741	0.012000000104308128
93	2325	0.744	0.012000000104308128
94	2350	0.748	0.012000000104308128
95	2375	0.752	0.012000000104308128
96	2400	0.756	0.012000000104308128
97	2425	0.761	0.012000000104308128
98	2450	0.766	0.012000000104308128
99	2475	0.77	0.012000000104308128
100	2500	0.775	0.012000000104308128
101	2525	0.779	0.012000000104308128
102	2550	0.784	0.012000000104308128
103	2575	0.788	0.012000000104308128
104	2600	0.799	0.012000000104308128
105	2625	0.804	0.012000000104308128
106	2650	0.809	0.012000000104308128
107	2675	0.814	0.012000000104308128
108	2700	0.819	0.012000000104308128
109	2725	0.823	0.012000000104308128
110	2750	0.828	0.012000000104308128
111	2775	0.834	0.012000000104308128
112	2800	0.839	0.012000000104308128
113	2825	0.843	0.012000000104308128
114	2850	0.849	0.012000000104308128
115	2875	0.854	0.012000000104308128
116	2900	0.859	0.012000000104308128
117	2925	0.864	0.012000000104308128
118	2950	0.869	0.012000000104308128
119	2975	0.874	0.012000000104308128
120	3000	0.88	0.012000000104308128
121	3025	0.885	0.012000000104308128
122	3050	0.89	0.012000000104308128
123	3075	0.895	0.012000000104308128
124	3100	0.899	0.012000000104308128
125	3125	0.904	0.012000000104308128
126	3150	0.908	0.012000000104308128
127	3175	0.913	0.012000000104308128
128	3200	0.917	0.012000000104308128
129	3225	0.921	0.012000000104308128
130	3250	0.925	0.012000000104308128
131	3275	0.929	0.012000000104308128
132	3300	0.933	0.012000000104308128
133	3325	0.938	0.012000000104308128
134	3350	0.942	0.012000000104308128
135	3375	0.947	0.012000000104308128
136	3400	0.952	0.012000000104308128
137	3425	0.956	0.012000000104308128
138	3450	0.96	0.012000000104308128
139	3475	0.971	0.012000000104308128
140	3500	0.975	0.012000000104308128
141	3525	0.979	0.012000000104308128
142	3550	0.983	0.012000000104308128
143	3575	0.987	0.012000000104308128
144	3600	0.991	0.012000000104308128
145	3625	0.994	0.012000000104308128
146	3650	0.999	0.012000000104308128
147	3675	1.003	0.012000000104308128
148	3700	1.006	0.012000000104308128
149	3725	1.01	0.012000000104308128
150	3750	1.015	0.012000000104308128
151	3775	1.018	0.012000000104308128
152	3800	1.022	0.012000000104308128
153	3825	1.025	0.012000000104308128
154	3850	1.029	0.012000000104308128
155	3875	1.033	0.012000000104308128
156	3900	1.036	0.012000000104308128
157	3925	1.04	0.012000000104308128
158	3950	1.044	0.012000000104308128
159	3975	1.048	0.012000000104308128
160	4000	1.054	0.012000000104308128
161	4025	1.058	0.012000000104308128
162	4050	1.061	0.012000000104308128
163	4075	1.065	0.012000000104308128
164	4100	1.069	0.012000000104308128
165	4125	1.073	0.012000000104308128
166	4150	1.077	0.012000000104308128
167	4175	1.08	0.012000000104308128
168	4200	1.084	0.012000000104308128
169	4225	1.088	0.012000000104308128
170	4250	1.093	0.012000000104308128
171	4275	1.097	0.012000000104308128
172	4300	1.101	0.012000000104308128
173	4325	1.105	0.012000000104308128
174	4350	1.108	0.012000000104308128
175	4375	1.112	0.012000000104308128
176	4400	1.117	0.012000000104308128
177	4425	1.121	0.012000000104308128
178	4450	1.126	0.012000000104308128
179	4475	1.131	0.012000000104308128
180	4500	1.136	0.012000000104308128
181	4525	1.141	0.012000000104308128
182	4550	1.146	0.012000000104308128
183	4575	1.151	0.012000000104308128
184	4600	1.155	0.012000000104308128
185	4625	1.158	0.012000000104308128
186	4650	1.162	0.012000000104308128
187	4675	1.165	0.012000000104308128
188	4700	1.169	0.012000000104308128
189	4725	1.174	0.012000000104308128
190	4750	1.179	0.012000000104308128
191	4775	1.184	0.012000000104308128
192	4800	1.189	0.012000000104308128
193	4825	1.194	0.012000000104308128
194	4850	1.2	0.012000000104308128
195	4875	1.204	0.012000000104308128
196	4900	1.209	0.012000000104308128
197	4925	1.213	0.012000000104308128
198	4950	1.217	0.012000000104308128
199	4975	1.221	0.012000000104308128
200	5000	1.224	0.012000000104308128
201	5025	1.228	0.012000000104308128
202	5050	1.232	0.012000000104308128
203	5075	1.235	0.012000000104308128
204	5100	1.239	0.012000000104308128
205	5125	1.243	0.012000000104308128
206	5150	1.246	0.012000000104308128
207	5175	1.25	0.012000000104308128
208	5200	1.254	0.012000000104308128
209	5225	1.258	0.012000000104308128
210	5250	1.261	0.012000000104308128
211	5275	1.265	0.012000000104308128
212	5300	1.269	0.012000000104308128
213	5325	1.272	0.012000000104308128
214	5350	1.276	0.012000000104308128
215	5375	1.28	0.012000000104308128
216	5400	1.284	0.012000000104308128
217	5425	1.287	0.012000000104308128
218	5450	1.291	0.012000000104308128
219	5475	1.294	0.012000000104308128
220	5500	1.298	0.012000000104308128
221	5525	1.302	0.012000000104308128
222	5550	1.305	0.012000000104308128
223	5575	1.308	0.012000000104308128
224	5600	1.311	0.012000000104308128
225	5625	1.314	0.012000000104308128
226	5650	1.317	0.012000000104308128
227	5675	1.323	0.012000000104308128
228	5700	1.326	0.012000000104308128
229	5725	1.329	0.012000000104308128
230	5750	1.334	0.012000000104308128
231	5775	1.337	0.012000000104308128
232	5800	1.34	0.012000000104308128
233	5825	1.344	0.012000000104308128
234	5850	1.347	0.012000000104308128
235	5875	1.35	0.012000000104308128
236	5900	1.353	0.012000000104308128
237	5925	1.356	0.012000000104308128
238	5950	1.359	0.012000000104308128
239	5975	1.363	0.012000000104308128
240	6000	1.366	0.012000000104308128
241	6025	1.37	0.012000000104308128
242	6050	1.374	0.012000000104308128
243	6075	1.377	0.012000000104308128
244	6100	1.381	0.012000000104308128
245	6125	1.384	0.012000000104308128
246	6150	1.387	0.012000000104308128
247	6175	1.391	0.012000000104308128
248	6200	1.394	0.012000000104308128
249	6225	1.397	0.012000000104308128
250	6250	1.4	0.012000000104308128
251	6275	1.403	0.012000000104308128
252	6300	1.407	0.012000000104308128
253	6325	1.41	0.012000000104308128
254	6350	1.414	0.012000000104308128
255	6375	1.417	0.012000000104308128
256	6400	1.42	0.012000000104308128
257	6425	1.423	0.012000000104308128
258	6450	1.427	0.012000000104308128
259	6475	1.43	0.012000000104308128
260	6500	1.433	0.012000000104308128
261	6525	1.436	0.012000000104308128
262	6550	1.439	0.012000000104308128
263	6575	1.442	0.012000000104308128
264	6600	1.445	0.012000000104308128
265	6625	1.448	0.012000000104308128
266	6650	1.452	0.012000000104308128
267	6675	1.456	0.012000000104308128
268	6700	1.46	0.012000000104308128
269	6725	1.463	0.012000000104308128
270	6750	1.466	0.012000000104308128
271	6775	1.469	0.013000000268220901
272	6800	1.472	0.013000000268220901
273	6825	1.475	0.013000000268220901
274	6850	1.478	0.013000000268220901
275	6875	1.481	0.013000000268220901
276	6900	1.484	0.013000000268220901
277	6925	1.487	0.013000000268220901
278	6950	1.491	0.013000000268220901
279	6975	1.495	0.013000000268220901
280	7000	1.498	0.013000000268220901
281	7025	1.501	0.013000000268220901
282	7050	1.504	0.013000000268220901
283	7075	1.508	0.013000000268220901
284	7100	1.511	0.013000000268220901
285	7125	1.514	0.014000000432133675
286	7150	1.518	0.014000000432133675
287	7175	1.521	0.014000000432133675
288	7200	1.524	0.014000000432133675
289	7225	1.527	0.014000000432133675
290	7250	1.53	0.014000000432133675
291	7275	1.534	0.014000000432133675
292	7300	1.537	0.014000000432133675
293	7325	1.54	0.014000000432133675
294	7350	1.544	0.014000000432133675
295	7375	1.547	0.014000000432133675
296	7400	1.55	0.014000000432133675
297	7425	1.553	0.014000000432133675
298	7450	1.556	0.014000000432133675
299	7475	1.559	0.014000000432133675
300	7500	1.562	0.014000000432133675
301	7525	1.566	0.014000000432133675
302	7550	1.569	0.014000000432133675
303	7575	1.572	0.014000000432133675
304	7600	1.576	0.014000000432133675
305	7625	1.58	0.014000000432133675
306	7650	1.583	0.014000000432133675
307	7675	1.586	0.014000000432133675
308	7700	1.589	0.014000000432133675
309	7725	1.592	0.014000000432133675
310	7750	1.595	0.014000000432133675
311	7775	1.598	0.014000000432133675
312	7800	1.601	0.014000000432133675
313	7825	1.608	0.014000000432133675
314	7850	1.611	0.014000000432133675
315	7875	1.616	0.014000000432133675
316	7900	1.619	0.014000000432133675
317	7925	1.622	0.014000000432133675
318	7950	1.625	0.014000000432133675
319	7975	1.628	0.014000000432133675
320	8000	1.632	0.014000000432133675
321	8025	1.634	0.014000000432133675
322	8050	1.637	0.014000000432133675
323	8075	1.64	0.014000000432133675
324	8100	1.643	0.014000000432133675
325	8125	1.646	0.014000000432133675
326	8150	1.649	0.014000000432133675
327	8175	1.653	0.014000000432133675
328	8200	1.656	0.014000000432133675
329	8225	1.66	0.014000000432133675
330	8250	1.663	0.014000000432133675
331	8275	1.666	0.014000000432133675
332	8300	1.669	0.014000000432133675
333	8325	1.671	0.014000000432133675
334	8350	1.674	0.014000000432133675
335	8375	1.677	0.014000000432133675
336	8400	1.68	0.014000000432133675
337	8425	1.683	0.014000000432133675
338	8450	1.686	0.014000000432133675
339	8475	1.69	0.014000000432133675
340	8500	1.694	0.014000000432133675
341	8525	1.696	0.014000000432133675
342	8550	1.699	0.014000000432133675
343	8575	1.703	0.014000000432133675
344	8600	1.707	0.014000000432133675
345	8625	1.711	0.014000000432133675
346	8650	1.715	0.014000000432133675
347	8675	1.718	0.014000000432133675
348	8700	1.72	0.014000000432133675
349	8725	1.723	0.014000000432133675
350	8750	1.726	0.014000000432133675
351	8775	1.729	0.014000000432133675
352	8800	1.732	0.014000000432133675
353	8825	1.736	0.014000000432133675
354	8850	1.739	0.014000000432133675
355	8875	1.741	0.014000000432133675
356	8900	1.745	0.014000000432133675
357	8925	1.749	0.014000000432133675
358	8950	1.752	0.014000000432133675
359	8975	1.755	0.014000000432133675
360	9000	1.759	0.014000000432133675
361	9025	1.763	0.014000000432133675
362	9050	1.767	0.014000000432133675
363	9075	1.771	0.014000000432133675
364	9100	1.776	0.014000000432133675
365	9125	1.779	0.014000000432133675
366	9150	1.782	0.014000000432133675
367	9175	1.785	0.014000000432133675
368	9200	1.788	0.014000000432133675
369	9225	1.79	0.014000000432133675
370	9250	1.794	0.014000000432133675
371	9275	1.798	0.014000000432133675
372	9300	1.802	0.014000000432133675
373	9325	1.806	0.014000000432133675
374	9350	1.81	0.014000000432133675
375	9375	1.814	0.014000000432133675
376	9400	1.818	0.014000000432133675
377	9425	1.823	0.014000000432133675
378	9450	1.826	0.014000000432133675
379	9475	1.831	0.014000000432133675
380	9500	1.835	0.014000000432133675
381	9525	1.839	0.014000000432133675
382	9550	1.843	0.014000000432133675
383	9575	1.846	0.014000000432133675
384	9600	1.85	0.014000000432133675
385	9625	1.853	0.014000000432133675
386	9650	1.857	0.014000000432133675
387	9675	1.86	0.014000000432133675
388	9700	1.863	0.014999999664723873
389	9725	1.865	0.014999999664723873
390	9750	1.868	0.014999999664723873
391	9775	1.871	0.014999999664723873
392	9800	1.874	0.014999999664723873
393	9825	1.878	0.014999999664723873
394	9850	1.881	0.014999999664723873
395	9875	1.883	0.014999999664723873
396	9900	1.886	0.014999999664723873
397	9925	1.89	0.014999999664723873
398	9950	1.893	0.014999999664723873
399	9975	1.896	0.014999999664723873
400	10000	1.9	0.014999999664723873
401	10025	1.906	0.014999999664723873
402	10050	1.909	0.014999999664723873
403	10075	1.912	0.014999999664723873
404	10100	1.915	0.014999999664723873
405	10125	1.918	0.014999999664723873
406	10150	1.92	0.014999999664723873
407	10175	1.923	0.014999999664723873
408	10200	1.926	0.014999999664723873
409	10225	1.929	0.014999999664723873
410	10250	1.932	0.014999999664723873
411	10275	1.935	0.014999999664723873
412	10300	1.939	0.014999999664723873
413	10325	1.942	0.014999999664723873
414	10350	1.945	0.014999999664723873
415	10375	1.948	0.014999999664723873
416	10400	1.951	0.014999999664723873
417	10425	1.953	0.014999999664723873
418	10450	1.956	0.014999999664723873
419	10475	1.959	0.014999999664723873
420	10500	1.962	0.014999999664723873
421	10525	1.965	0.014999999664723873
422	10550	1.968	0.014999999664723873
423	10575	1.971	0.014999999664723873
424	10600	1.974	0.014999999664723873
425	10625	1.977	0.014999999664723873
426	10650	1.98	0.014999999664723873
427	10675	1.983	0.014999999664723873
428	10700	1.986	0.014999999664723873
429	10725	1.988	0.014999999664723873
430	10750	1.991	0.014999999664723873
431	10775	1.994	0.014999999664723873
432	10800	1.997	0.014999999664723873
433	10825	2.0	0.014999999664723873
434	10850	2.003	0.014999999664723873
435	10875	2.006	0.014999999664723873
436	10900	2.009	0.014999999664723873
437	10925	2.012	0.014999999664723873
438	10950	2.015	0.014999999664723873
439	10975	2.018	0.014999999664723873
440	11000	2.02	0.014999999664723873
441	11025	2.023	0.01600000075995922
442	11050	2.026	0.01600000075995922
443	11075	2.029	0.01600000075995922
444	11100	2.032	0.01600000075995922
445	11125	2.035	0.01600000075995922
446	11150	2.038	0.01600000075995922
447	11175	2.04	0.01600000075995922
448	11200	2.043	0.01600000075995922
449	11225	2.046	0.01600000075995922
450	11250	2.049	0.01600000075995922
451	11275	2.052	0.01600000075995922
452	11300	2.055	0.01600000075995922
453	11325	2.058	0.01600000075995922
454	11350	2.061	0.01600000075995922
455	11375	2.064	0.01600000075995922
456	11400	2.067	0.01600000075995922
457	11425	2.07	0.01600000075995922
458	11450	2.073	0.01600000075995922
459	11475	2.076	0.01600000075995922
460	11500	2.078	0.01600000075995922
461	11525	2.082	0.01600000075995922
462	11550	2.085	0.01600000075995922
463	11575	2.088	0.01600000075995922
464	11600	2.09	0.01600000075995922
465	11625	2.093	0.01600000075995922
466	11650	2.096	0.01600000075995922
467	11675	2.099	0.01600000075995922
468	11700	2.102	0.01600000075995922
469	11725	2.105	0.01600000075995922
470	11750	2.107	0.01600000075995922
471	11775	2.11	0.01600000075995922
472	11800	2.113	0.01600000075995922
473	11825	2.116	0.01600000075995922
474	11850	2.119	0.01600000075995922
475	11875	2.121	0.01600000075995922
476	11900	2.124	0.01600000075995922
477	11925	2.127	0.01600000075995922
478	11950	2.13	0.01600000075995922
479	11975	2.132	0.01600000075995922
480	12000	2.136	0.01600000075995922
481	12025	2.139	0.01600000075995922
482	12050	2.142	0.01600000075995922
483	12075	2.145	0.01600000075995922
484	12100	2.148	0.01600000075995922
485	12125	2.151	0.01600000075995922
486	12150	2.153	0.01600000075995922
487	12175	2.156	0.01600000075995922
488	12200	2.162	0.01600000075995922
489	12225	2.165	0.01600000075995922
490	12250	2.168	0.01600000075995922
491	12275	2.171	0.01600000075995922
492	12300	2.174	0.01600000075995922
493	12325	2.177	0.01600000075995922
494	12350	2.18	0.01600000075995922
495	12375	2.183	0.01600000075995922
496	12400	2.186	0.01600000075995922
497	12425	2.189	0.01600000075995922
498	12450	2.191	0.01600000075995922
499	12475	2.194	0.01600000075995922
500	12500	2.197	0.01600000075995922
501	12525	2.2	0.01600000075995922
502	12550	2.203	0.01600000075995922
503	12575	2.205	0.01600000075995922
504	12600	2.208	0.01600000075995922
505	12625	2.211	0.01600000075995922
506	12650	2.214	0.01600000075995922
507	12675	2.217	0.01600000075995922
508	12700	2.22	0.01600000075995922
509	12725	2.223	0.01600000075995922
510	12750	2.226	0.01600000075995922
511	12775	2.228	0.01600000075995922
512	12800	2.231	0.01600000075995922
513	12825	2.235	0.01600000075995922
514	12850	2.238	0.01600000075995922
515	12875	2.241	0.01600000075995922
516	12900	2.244	0.01600000075995922
517	12925	2.247	0.01600000075995922
518	12950	2.249	0.01600000075995922
519	12975	2.252	0.01600000075995922
520	13000	2.255	0.01600000075995922
521	13025	2.258	0.01600000075995922
522	13050	2.26	0.01600000075995922
523	13075	2.263	0.01600000075995922
524	13100	2.266	0.01600000075995922
525	13125	2.269	0.01600000075995922
526	13150	2.271	0.01600000075995922
527	13175	2.274	0.01600000075995922
528	13200	2.277	0.01600000075995922
529	13225	2.28	0.01600000075995922
530	13250	2.282	0.01600000075995922
531	13275	2.285	0.01600000075995922
532	13300	2.288	0.01600000075995922
533	13325	2.291	0.01600000075995922
534	13350	2.293	0.01600000075995922
535	13375	2.297	0.01600000075995922
536	13400	2.3	0.01600000075995922
537	13425	2.303	0.01600000075995922
538	13450	2.305	0.01600000075995922
539	13475	2.308	0.01600000075995922
540	13500	2.311	0.01600000075995922
541	13525	2.314	0.01600000075995922
542	13550	2.317	0.01600000075995922
543	13575	2.319	0.01600000075995922
544	13600	2.322	0.01600000075995922
545	13625	2.325	0.01600000075995922
546	13650	2.328	0.01600000075995922
547	13675	2.33	0.01600000075995922
548	13700	2.333	0.01600000075995922
549	13725	2.337	0.01600000075995922
550	13750	2.34	0.01600000075995922
551	13775	2.342	0.01600000075995922
552	13800	2.345	0.01600000075995922
553	13825	2.348	0.01600000075995922
554	13850	2.35	0.01600000075995922
555	13875	2.353	0.01600000075995922
556	13900	2.356	0.01600000075995922
557	13925	2.359	0.01600000075995922
558	13950	2.362	0.01600000075995922
559	13975	2.364	0.01600000075995922
560	14000	2.367	0.01600000075995922
561	14025	2.37	0.01600000075995922
562	14050	2.373	0.01600000075995922
563	14075	2.376	0.01600000075995922
564	14100	2.379	0.01600000075995922
565	14125	2.382	0.01600000075995922
566	14150	2.385	0.01600000075995922
567	14175	2.387	0.01600000075995922
568	14200	2.39	0.01600000075995922
569	14225	2.393	0.01600000075995922
570	14250	2.396	0.01600000075995922
571	14275	2.399	0.01600000075995922
572	14300	2.401	0.01600000075995922
573	14325	2.404	0.01600000075995922
574	14350	2.407	0.01600000075995922
575	14375	2.413	0.01600000075995922
576	14400	2.417	0.01600000075995922
577	14425	2.419	0.01600000075995922
578	14450	2.422	0.01600000075995922
579	14475	2.425	0.01600000075995922
580	14500	2.428	0.01600000075995922
581	14525	2.43	0.01600000075995922
582	14550	2.433	0.01600000075995922
583	14575	2.436	0.01600000075995922
584	14600	2.439	0.01600000075995922
585	14625	2.441	0.01600000075995922
586	14650	2.444	0.01600000075995922
587	14675	2.447	0.01600000075995922
588	14700	2.449	0.01600000075995922
589	14725	2.452	0.01600000075995922
590	14750	2.455	0.01600000075995922
591	14775	2.459	0.01600000075995922
592	14800	2.462	0.01600000075995922
593	14825	2.465	0.01600000075995922
594	14850	2.467	0.01600000075995922
595	14875	2.47	0.01600000075995922
596	14900	2.473	0.01600000075995922
597	14925	2.476	0.01600000075995922
598	14950	2.479	0.01600000075995922
599	14975	2.482	0.01600000075995922
600	15000	2.484	0.01600000075995922
601	15025	2.487	0.01600000075995922
602	15050	2.49	0.01600000075995922
603	15075	2.493	0.01600000075995922
604	15100	2.497	0.01600000075995922
605	15125	2.5	0.01600000075995922
606	15150	2.502	0.01600000075995922
607	15175	2.505	0.01600000075995922
608	15200	2.508	0.01600000075995922
609	15225	2.511	0.01600000075995922
610	15250	2.513	0.01600000075995922
611	15275	2.516	0.01600000075995922
612	15300	2.519	0.01600000075995922
613	15325	2.522	0.01600000075995922
614	15350	2.524	0.01600000075995922
615	15375	2.527	0.01600000075995922
616	15400	2.53	0.01600000075995922
617	15425	2.533	0.01600000075995922
618	15450	2.536	0.01600000075995922
619	15475	2.539	0.01600000075995922
620	15500	2.541	0.01600000075995922
621	15525	2.544	0.01600000075995922
622	15550	2.547	0.01600000075995922
623	15575	2.549	0.01600000075995922
624	15600	2.552	0.01600000075995922
625	15625	2.555	0.01600000075995922
626	15650	2.558	0.01600000075995922
627	15675	2.56	0.01600000075995922
628	15700	2.563	0.01600000075995922
629	15725	2.566	0.01600000075995922
630	15750	2.568	0.01600000075995922
631	15775	2.571	0.01600000075995922
632	15800	2.574	0.01600000075995922
633	15825	2.577	0.01600000075995922
634	15850	2.58	0.01600000075995922
635	15875	2.583	0.01600000075995922
636	15900	2.586	0.01600000075995922
637	15925	2.588	0.01600000075995922
638	15950	2.591	0.01600000075995922
639	15975	2.594	0.01600000075995922
640	16000	2.597	0.01600000075995922
641	16025	2.599	0.01600000075995922
642	16050	2.602	0.01600000075995922
643	16075	2.605	0.01600000075995922
644	16100	2.607	0.01600000075995922
645	16125	2.61	0.01600000075995922
646	16150	2.613	0.01600000075995922
647	16175	2.616	0.01600000075995922
648	16200	2.619	0.01600000075995922
649	16225	2.622	0.01600000075995922
650	16250	2.625	0.01600000075995922
651	16275	2.628	0.01600000075995922
652	16300	2.631	0.01600000075995922
653	16325	2.633	0.01600000075995922
654	16350	2.636	0.01600000075995922
655	16375	2.639	0.01600000075995922
656	16400	2.641	0.01600000075995922
657	16425	2.644	0.01600000075995922
658	16450	2.647	0.01600000075995922
659	16475	2.65	0.01600000075995922
660	16500	2.653	0.01600000075995922
661	16525	2.656	0.01600000075995922
662	16550	2.66	0.01600000075995922
663	16575	2.667	0.01600000075995922
664	16600	2.669	0.01600000075995922
665	16625	2.672	0.01600000075995922
666	16650	2.675	0.01600000075995922
667	16675	2.678	0.01600000075995922
668	16700	2.681	0.01600000075995922
669	16725	2.683	0.01600000075995922
670	16750	2.686	0.01600000075995922
671	16775	2.689	0.01600000075995922
672	16800	2.692	0.01600000075995922
673	16825	2.695	0.01600000075995922
674	16850	2.698	0.01600000075995922
675	16875	2.701	0.01600000075995922
676	16900	2.704	0.01600000075995922
677	16925	2.707	0.01600000075995922
678	16950	2.71	0.01600000075995922
679	16975	2.712	0.01600000075995922
680	17000	2.715	0.01600000075995922
681	17025	2.718	0.01600000075995922
682	17050	2.721	0.01600000075995922
683	17075	2.724	0.01600000075995922
684	17100	2.726	0.01600000075995922
685	17125	2.729	0.01600000075995922
686	17150	2.732	0.01600000075995922
687	17175	2.735	0.01600000075995922
688	17200	2.738	0.01600000075995922
689	17225	2.741	0.01600000075995922
690	17250	2.744	0.01600000075995922
691	17275	2.747	0.01600000075995922
692	17300	2.75	0.01600000075995922
693	17325	2.752	0.01600000075995922
694	17350	2.755	0.01600000075995922
695	17375	2.758	0.01600000075995922
696	17400	2.761	0.01600000075995922
697	17425	2.764	0.01600000075995922
698	17450	2.766	0.01600000075995922
699	17475	2.769	0.01600000075995922
700	17500	2.772	0.01600000075995922
701	17525	2.775	0.01600000075995922
702	17550	2.778	0.01600000075995922
703	17575	2.781	0.01600000075995922
704	17600	2.784	0.01600000075995922
705	17625	2.787	0.01600000075995922
706	17650	2.789	0.01600000075995922
707	17675	2.792	0.01600000075995922
708	17700	2.795	0.01600000075995922
709	17725	2.798	0.01600000075995922
710	17750	2.8	0.01600000075995922
711	17775	2.803	0.01600000075995922
712	17800	2.806	0.01600000075995922
713	17825	2.809	0.01600000075995922
714	17850	2.811	0.01600000075995922
715	17875	2.814	0.01600000075995922
716	17900	2.818	0.01600000075995922
717	17925	2.821	0.01600000075995922
718	17950	2.823	0.01600000075995922
719	17975	2.826	0.01600000075995922
720	18000	2.829	0.01600000075995922
721	18025	2.832	0.01600000075995922
722	18050	2.834	0.01600000075995922
723	18075	2.837	0.01600000075995922
724	18100	2.84	0.01600000075995922
725	18125	2.843	0.01600000075995922
726	18150	2.846	0.01600000075995922
727	18175	2.849	0.01600000075995922
728	18200	2.851	0.01600000075995922
729	18225	2.854	0.01600000075995922
730	18250	2.857	0.01600000075995922
731	18275	2.861	0.01600000075995922
732	18300	2.864	0.01600000075995922
733	18325	2.867	0.01600000075995922
734	18350	2.87	0.01600000075995922
735	18375	2.872	0.01600000075995922
736	18400	2.875	0.01600000075995922
737	18425	2.878	0.01600000075995922
738	18450	2.881	0.01600000075995922
739	18475	2.884	0.01600000075995922
740	18500	2.886	0.01600000075995922
741	18525	2.889	0.017000000923871994
742	18550	2.892	0.017000000923871994
743	18575	2.895	0.017000000923871994
744	18600	2.898	0.017000000923871994
745	18625	2.902	0.017000000923871994
746	18650	2.905	0.017000000923871994
747	18675	2.907	0.017000000923871994
748	18700	2.911	0.017000000923871994
749	18725	2.914	0.017000000923871994
750	18750	2.917	0.017000000923871994
751	18775	2.923	0.017000000923871994
752	18800	2.926	0.017000000923871994
753	18825	2.929	0.017000000923871994
754	18850	2.932	0.017000000923871994
755	18875	2.934	0.017000000923871994
756	18900	2.938	0.017000000923871994
757	18925	2.941	0.017000000923871994
758	18950	2.944	0.017000000923871994
759	18975	2.947	0.017000000923871994
760	19000	2.95	0.017000000923871994
761	19025	2.952	0.017000000923871994
762	19050	2.955	0.017000000923871994
763	19075	2.958	0.017000000923871994
764	19100	2.96	0.017000000923871994
765	19125	2.963	0.017000000923871994
766	19150	2.966	0.017000000923871994
767	19175	2.968	0.017000000923871994
768	19200	2.971	0.017000000923871994
769	19225	2.974	0.017000000923871994
770	19250	2.977	0.017000000923871994
771	19275	2.98	0.017000000923871994
772	19300	2.983	0.017000000923871994
773	19325	2.986	0.017000000923871994
774	19350	2.989	0.017000000923871994
775	19375	2.992	0.017000000923871994
776	19400	2.994	0.017000000923871994
777	19425	2.997	0.017000000923871994
778	19450	3.0	0.017000000923871994
779	19475	3.003	0.017000000923871994
780	19500	3.006	0.017000000923871994
781	19525	3.009	0.017000000923871994
782	19550	3.011	0.017000000923871994
783	19575	3.014	0.017000000923871994
784	19600	3.017	0.017000000923871994
785	19625	3.02	0.017000000923871994
786	19650	3.023	0.017000000923871994
787	19675	3.025	0.017000000923871994
788	19700	3.028	0.017000000923871994
789	19725	3.031	0.017000000923871994
790	19750	3.033	0.017000000923871994
791	19775	3.036	0.017000000923871994
792	19800	3.039	0.017000000923871994
793	19825	3.042	0.017000000923871994
794	19850	3.045	0.017000000923871994
795	19875	3.047	0.017000000923871994
796	19900	3.05	0.017000000923871994
797	19925	3.053	0.017000000923871994
798	19950	3.056	0.017000000923871994
799	19975	3.059	0.017000000923871994
800	20000	3.062	0.017000000923871994
801	20025	3.065	0.017000000923871994
802	20050	3.067	0.017000000923871994
803	20075	3.07	0.017000000923871994
804	20100	3.073	0.017000000923871994
805	20125	3.076	0.017000000923871994
806	20150	3.079	0.017000000923871994
807	20175	3.082	0.017000000923871994
808	20200	3.084	0.017000000923871994
809	20225	3.087	0.017000000923871994
810	20250	3.089	0.017000000923871994
811	20275	3.092	0.017000000923871994
812	20300	3.095	0.017000000923871994
813	20325	3.098	0.017000000923871994
814	20350	3.101	0.017000000923871994
815	20375	3.104	0.017000000923871994
816	20400	3.107	0.017000000923871994
817	20425	3.11	0.017000000923871994
818	20450	3.112	0.017000000923871994
819	20475	3.115	0.017000000923871994
820	20500	3.118	0.017000000923871994
821	20525	3.121	0.017000000923871994
822	20550	3.123	0.017000000923871994
823	20575	3.126	0.017000000923871994
824	20600	3.129	0.017000000923871994
825	20625	3.131	0.017000000923871994
826	20650	3.134	0.017000000923871994
827	20675	3.137	0.017000000923871994
828	20700	3.14	0.017000000923871994
829	20725	3.142	0.017000000923871994
830	20750	3.145	0.017000000923871994
831	20775	3.148	0.017000000923871994
832	20800	3.151	0.017000000923871994
833	20825	3.153	0.017000000923871994
834	20850	3.156	0.017000000923871994
835	20875	3.159	0.017000000923871994
836	20900	3.162	0.017000000923871994
837	20925	3.164	0.017000000923871994
838	20950	3.167	0.017000000923871994
839	20975	3.173	0.017000000923871994
840	21000	3.176	0.017000000923871994
841	21025	3.18	0.017000000923871994
842	21050	3.183	0.017000000923871994
843	21075	3.185	0.017000000923871994
844	21100	3.188	0.017000000923871994
845	21125	3.191	0.017000000923871994
846	21150	3.194	0.017000000923871994
847	21175	3.196	0.017000000923871994
848	21200	3.199	0.017000000923871994
849	21225	3.202	0.017000000923871994
850	21250	3.205	0.017000000923871994
851	21275	3.208	0.017000000923871994
852	21300	3.21	0.017000000923871994
853	21325	3.213	0.017000000923871994
854	21350	3.216	0.017000000923871994
855	21375	3.218	0.017000000923871994
856	21400	3.221	0.017000000923871994
857	21425	3.224	0.017000000923871994
858	21450	3.227	0.017000000923871994
859	21475	3.229	0.017000000923871994
860	21500	3.232	0.017000000923871994
861	21525	3.235	0.017000000923871994
862	21550	3.238	0.017000000923871994
863	21575	3.24	0.017000000923871994
864	21600	3.243	0.017000000923871994
865	21625	3.246	0.017000000923871994
866	21650	3.248	0.017000000923871994
867	21675	3.251	0.017000000923871994
868	21700	3.254	0.017000000923871994
869	21725	3.256	0.017000000923871994
870	21750	3.26	0.017000000923871994
871	21775	3.263	0.017000000923871994
872	21800	3.265	0.017000000923871994
873	21825	3.268	0.017000000923871994
874	21850	3.271	0.017000000923871994
875	21875	3.273	0.017000000923871994
876	21900	3.276	0.017000000923871994
877	21925	3.279	0.017000000923871994
878	21950	3.282	0.017000000923871994
879	21975	3.285	0.017000000923871994
880	22000	3.288	0.017000000923871994
881	22025	3.29	0.017000000923871994
882	22050	3.293	0.017000000923871994
883	22075	3.296	0.017999999225139618
884	22100	3.299	0.017999999225139618
885	22125	3.303	0.017999999225139618
886	22150	3.305	0.017999999225139618
887	22175	3.308	0.017999999225139618
888	22200	3.311	0.017999999225139618
889	22225	3.313	0.017999999225139618
890	22250	3.316	0.017999999225139618
891	22275	3.319	0.017999999225139618
892	22300	3.322	0.017999999225139618
893	22325	3.326	0.017999999225139618
894	22350	3.328	0.017999999225139618
895	22375	3.331	0.017999999225139618
896	22400	3.334	0.017999999225139618
897	22425	3.337	0.017999999225139618
898	22450	3.34	0.017999999225139618
899	22475	3.343	0.017999999225139618
900	22500	3.346	0.017999999225139618
901	22525	3.349	0.017999999225139618
902	22550	3.352	0.017999999225139618
903	22575	3.355	0.017999999225139618
904	22600	3.358	0.017999999225139618
905	22625	3.36	0.017999999225139618
906	22650	3.363	0.017999999225139618
907	22675	3.366	0.017999999225139618
908	22700	3.369	0.017999999225139618
909	22725	3.372	0.017999999225139618
910	22750	3.375	0.017999999225139618
911	22775	3.377	0.017999999225139618
912	22800	3.381	0.017999999225139618
913	22825	3.383	0.017999999225139618
914	22850	3.386	0.017999999225139618
915	22875	3.389	0.017999999225139618
916	22900	3.391	0.017999999225139618
917	22925	3.394	0.017999999225139618
918	22950	3.397	0.017999999225139618
919	22975	3.4	0.017999999225139618
920	23000	3.402	0.017999999225139618
921	23025	3.405	0.017999999225139618
922	23050	3.408	0.017999999225139618
923	23075	3.411	0.017999999225139618
924	23100	3.414	0.017999999225139618
925	23125	3.417	0.017999999225139618
926	23150	3.423	0.017999999225139618
927	23175	3.426	0.017999999225139618
928	23200	3.429	0.017999999225139618
929	23225	3.432	0.017999999225139618
930	23250	3.435	0.017999999225139618
931	23275	3.437	0.017999999225139618
932	23300	3.44	0.017999999225139618
933	23325	3.443	0.017999999225139618
934	23350	3.445	0.017999999225139618
935	23375	3.448	0.017999999225139618
936	23400	3.451	0.017999999225139618
937	23425	3.454	0.017999999225139618
938	23450	3.456	0.017999999225139618
939	23475	3.459	0.017999999225139618
940	23500	3.462	0.017999999225139618
941	23525	3.465	0.017999999225139618
942	23550	3.467	0.017999999225139618
943	23575	3.47	0.017999999225139618
944	23600	3.473	0.017999999225139618
945	23625	3.475	0.017999999225139618
946	23650	3.478	0.017999999225139618
947	23675	3.481	0.017999999225139618
948	23700	3.484	0.017999999225139618
949	23725	3.486	0.017999999225139618
950	23750	3.489	0.017999999225139618
951	23775	3.491	0.017999999225139618
952	23800	3.494	0.01899999938905239
953	23825	3.497	0.01899999938905239
954	23850	3.5	0.01899999938905239
955	23875	3.503	0.01899999938905239
956	23900	3.506	0.01899999938905239
957	23925	3.509	0.01899999938905239
958	23950	3.512	0.01899999938905239
959	23975	3.514	0.01899999938905239
960	24000	3.517	0.01899999938905239
961	24025	3.52	0.01899999938905239
962	24050	3.523	0.01899999938905239
963	24075	3.526	0.01899999938905239
964	24100	3.528	0.01899999938905239
965	24125	3.531	0.01899999938905239
966	24150	3.534	0.01899999938905239
967	24175	3.537	0.01899999938905239
968	24200	3.54	0.01899999938905239
969	24225	3.543	0.01899999938905239
970	24250	3.546	0.01899999938905239
971	24275	3.549	0.01899999938905239
972	24300	3.552	0.01899999938905239
973	24325	3.555	0.01899999938905239
974	24350	3.558	0.01899999938905239
975	24375	3.56	0.01899999938905239
976	24400	3.563	0.01899999938905239
977	24425	3.566	0.01899999938905239
978	24450	3.568	0.01899999938905239
979	24475	3.571	0.01899999938905239
980	24500	3.574	0.01899999938905239
981	24525	3.577	0.01899999938905239
982	24550	3.58	0.01899999938905239
983	24575	3.583	0.01899999938905239
984	24600	3.586	0.01899999938905239
985	24625	3.588	0.01899999938905239
986	24650	3.591	0.01899999938905239
987	24675	3.594	0.01899999938905239
988	24700	3.596	0.01899999938905239
989	24725	3.599	0.01899999938905239
990	24750	3.602	0.01899999938905239
991	24775	3.604	0.01899999938905239
992	24800	3.607	0.01899999938905239
993	24825	3.61	0.01899999938905239
994	24850	3.612	0.01899999938905239
995	24875	3.615	0.01899999938905239
996	24900	3.618	0.01899999938905239
997	24925	3.621	0.01899999938905239
998	24950	3.623	0.01899999938905239
999	24975	3.626	0.01899999938905239
1000	25000	3.629	0.01899999938905239
